{
  "_format": "hh-sol-cache-2",
  "files": {
    "/Users/daulathussain/Desktop/code/web3 project/tracking/contracts/Tracking.sol": {
      "lastModificationDate": 1680932010711,
      "contentHash": "b2d3b57d2d9ea5249374e842ed69f89d",
      "sourceName": "contracts/Tracking.sol",
      "solcConfig": {
        "version": "0.8.18",
        "settings": {
          "optimizer": {
            "enabled": false,
            "runs": 200
          },
          "outputSelection": {
            "*": {
              "*": [
                "abi",
                "evm.bytecode",
                "evm.deployedBytecode",
                "evm.methodIdentifiers",
                "metadata"
              ],
              "": [
                "ast"
              ]
            }
          }
        }
      },
      "imports": [],
      "versionPragmas": [
        "^0.8.0"
      ],
      "artifacts": [
        "Tracking"
      ]
    }
  }
}
